date,store,category,sales
2022-01-01,Store_A,Electronics,9036
2022-02-01,Store_A,Electronics,9874
2022-03-01,Store_A,Electronics,2629
2022-04-01,Store_A,Electronics,7158
2022-05-01,Store_A,Electronics,7346
2022-06-01,Store_A,Electronics,6235
2022-07-01,Store_A,Electronics,4910
2022-08-01,Store_A,Electronics,4811
2022-09-01,Store_A,Electronics,7228
2022-10-01,Store_A,Electronics,8422
2022-11-01,Store_A,Electronics,2012
2022-12-01,Store_A,Electronics,6628
2023-01-01,Store_A,Electronics,7158
2023-02-01,Store_A,Electronics,7466
2023-03-01,Store_A,Electronics,8264
2023-04-01,Store_A,Electronics,4732
2023-05-01,Store_A,Electronics,4899
2023-06-01,Store_A,Electronics,4974
2023-07-01,Store_A,Electronics,9256
2023-08-01,Store_A,Electronics,2317
2023-09-01,Store_A,Electronics,3385
2023-10-01,Store_A,Electronics,9331
2023-11-01,Store_A,Electronics,2469
2023-12-01,Store_A,Electronics,5317
2022-01-01,Store_A,Clothing,3847
2022-02-01,Store_A,Clothing,9680
2022-03-01,Store_A,Clothing,4499
2022-04-01,Store_A,Clothing,2625
2022-05-01,Store_A,Clothing,5275
2022-06-01,Store_A,Clothing,1675
2022-07-01,Store_A,Clothing,8119
2022-08-01,Store_A,Clothing,5680
2022-09-01,Store_A,Clothing,4126
2022-10-01,Store_A,Clothing,2704
2022-11-01,Store_A,Clothing,6105
2022-12-01,Store_A,Clothing,9363
2023-01-01,Store_A,Clothing,4735
2023-02-01,Store_A,Clothing,3326
2023-03-01,Store_A,Clothing,5976
2023-04-01,Store_A,Clothing,5078
2023-05-01,Store_A,Clothing,6806
2023-06-01,Store_A,Clothing,5689
2023-07-01,Store_A,Clothing,10154
2023-08-01,Store_A,Clothing,3987
2023-09-01,Store_A,Clothing,6559
2023-10-01,Store_A,Clothing,8453
2023-11-01,Store_A,Clothing,8320
2023-12-01,Store_A,Clothing,7077
2022-01-01,Store_A,Groceries,7533
2022-02-01,Store_A,Groceries,5252
2022-03-01,Store_A,Groceries,8442
2022-04-01,Store_A,Groceries,4782
2022-05-01,Store_A,Groceries,3303
2022-06-01,Store_A,Groceries,6309
2022-07-01,Store_A,Groceries,9512
2022-08-01,Store_A,Groceries,9127
2022-09-01,Store_A,Groceries,7475
2022-10-01,Store_A,Groceries,4477
2022-11-01,Store_A,Groceries,6090
2022-12-01,Store_A,Groceries,3607
2023-01-01,Store_A,Groceries,9513
2023-02-01,Store_A,Groceries,2659
2023-03-01,Store_A,Groceries,9595
2023-04-01,Store_A,Groceries,6580
2023-05-01,Store_A,Groceries,2716
2023-06-01,Store_A,Groceries,9274
2023-07-01,Store_A,Groceries,6360
2023-08-01,Store_A,Groceries,2023
2023-09-01,Store_A,Groceries,7770
2023-10-01,Store_A,Groceries,7832
2023-11-01,Store_A,Groceries,8394
2023-12-01,Store_A,Groceries,9207
2022-01-01,Store_B,Electronics,5212
2022-02-01,Store_B,Electronics,8896
2022-03-01,Store_B,Electronics,10037
2022-04-01,Store_B,Electronics,7137
2022-05-01,Store_B,Electronics,6450
2022-06-01,Store_B,Electronics,2664
2022-07-01,Store_B,Electronics,4236
2022-08-01,Store_B,Electronics,9865
2022-09-01,Store_B,Electronics,5158
2022-10-01,Store_B,Electronics,5533
2022-11-01,Store_B,Electronics,7896
2022-12-01,Store_B,Electronics,3492
2023-01-01,Store_B,Electronics,5687
2023-02-01,Store_B,Electronics,5189
2023-03-01,Store_B,Electronics,6845
2023-04-01,Store_B,Electronics,4239
2023-05-01,Store_B,Electronics,7216
2023-06-01,Store_B,Electronics,9277
2023-07-01,Store_B,Electronics,7361
2023-08-01,Store_B,Electronics,3987
2023-09-01,Store_B,Electronics,5141
2023-10-01,Store_B,Electronics,10012
2023-11-01,Store_B,Electronics,5211
2023-12-01,Store_B,Electronics,10015
2022-01-01,Store_B,Clothing,5203
2022-02-01,Store_B,Clothing,4069
2022-03-01,Store_B,Clothing,9338
2022-04-01,Store_B,Clothing,4072
2022-05-01,Store_B,Clothing,3180
2022-06-01,Store_B,Clothing,5074
2022-07-01,Store_B,Clothing,9779
2022-08-01,Store_B,Clothing,9320
2022-09-01,Store_B,Clothing,8384
2022-10-01,Store_B,Clothing,3267
2022-11-01,Store_B,Clothing,3266
2022-12-01,Store_B,Clothing,8225
2023-01-01,Store_B,Clothing,2795
2023-02-01,Store_B,Clothing,4786
2023-03-01,Store_B,Clothing,5219
2023-04-01,Store_B,Clothing,4342
2023-05-01,Store_B,Clothing,3956
2023-06-01,Store_B,Clothing,2911
2023-07-01,Store_B,Clothing,5063
2023-08-01,Store_B,Clothing,3351
2023-09-01,Store_B,Clothing,8283
2023-10-01,Store_B,Clothing,9356
2023-11-01,Store_B,Clothing,4752
2023-12-01,Store_B,Clothing,4442
2022-01-01,Store_B,Groceries,9399
2022-02-01,Store_B,Groceries,6479
2022-03-01,Store_B,Groceries,2332
2022-04-01,Store_B,Groceries,6488
2022-05-01,Store_B,Groceries,6669
2022-06-01,Store_B,Groceries,4113
2022-07-01,Store_B,Groceries,7829
2022-08-01,Store_B,Groceries,7762
2022-09-01,Store_B,Groceries,8645
2022-10-01,Store_B,Groceries,3203
2022-11-01,Store_B,Groceries,6491
2022-12-01,Store_B,Groceries,6830
2023-01-01,Store_B,Groceries,5407
2023-02-01,Store_B,Groceries,4561
2023-03-01,Store_B,Groceries,6858
2023-04-01,Store_B,Groceries,1982
2023-05-01,Store_B,Groceries,6733
2023-06-01,Store_B,Groceries,5471
2023-07-01,Store_B,Groceries,2937
2023-08-01,Store_B,Groceries,8656
2023-09-01,Store_B,Groceries,3389
2023-10-01,Store_B,Groceries,7775
2023-11-01,Store_B,Groceries,7214
2023-12-01,Store_B,Groceries,5302
2022-01-01,Store_C,Electronics,6954
2022-02-01,Store_C,Electronics,8942
2022-03-01,Store_C,Electronics,1794
2022-04-01,Store_C,Electronics,7187
2022-05-01,Store_C,Electronics,3529
2022-06-01,Store_C,Electronics,4830
2022-07-01,Store_C,Electronics,5586
2022-08-01,Store_C,Electronics,6658
2022-09-01,Store_C,Electronics,8675
2022-10-01,Store_C,Electronics,7014
2022-11-01,Store_C,Electronics,4301
2022-12-01,Store_C,Electronics,4286
2023-01-01,Store_C,Electronics,5083
2023-02-01,Store_C,Electronics,9876
2023-03-01,Store_C,Electronics,2331
2023-04-01,Store_C,Electronics,3597
2023-05-01,Store_C,Electronics,3892
2023-06-01,Store_C,Electronics,5802
2023-07-01,Store_C,Electronics,3389
2023-08-01,Store_C,Electronics,5100
2023-09-01,Store_C,Electronics,9373
2023-10-01,Store_C,Electronics,9333
2023-11-01,Store_C,Electronics,5959
2023-12-01,Store_C,Electronics,9554
2022-01-01,Store_C,Clothing,8025
2022-02-01,Store_C,Clothing,6193
2022-03-01,Store_C,Clothing,6556
2022-04-01,Store_C,Clothing,2923
2022-05-01,Store_C,Clothing,8292
2022-06-01,Store_C,Clothing,3806
2022-07-01,Store_C,Clothing,4509
2022-08-01,Store_C,Clothing,6521
2022-09-01,Store_C,Clothing,2162
2022-10-01,Store_C,Clothing,2534
2022-11-01,Store_C,Clothing,7566
2022-12-01,Store_C,Clothing,5544
2023-01-01,Store_C,Clothing,7037
2023-02-01,Store_C,Clothing,7769
2023-03-01,Store_C,Clothing,3095
2023-04-01,Store_C,Clothing,3288
2023-05-01,Store_C,Clothing,10697
2023-06-01,Store_C,Clothing,1867
2023-07-01,Store_C,Clothing,7787
2023-08-01,Store_C,Clothing,5100
2023-09-01,Store_C,Clothing,4743
2023-10-01,Store_C,Clothing,9602
2023-11-01,Store_C,Clothing,4417
2023-12-01,Store_C,Clothing,3784
2022-01-01,Store_C,Groceries,2001
2022-02-01,Store_C,Groceries,7444
2022-03-01,Store_C,Groceries,8129
2022-04-01,Store_C,Groceries,5959
2022-05-01,Store_C,Groceries,2950
2022-06-01,Store_C,Groceries,8088
2022-07-01,Store_C,Groceries,6161
2022-08-01,Store_C,Groceries,2206
2022-09-01,Store_C,Groceries,4464
2022-10-01,Store_C,Groceries,3441
2022-11-01,Store_C,Groceries,8214
2022-12-01,Store_C,Groceries,5334
2023-01-01,Store_C,Groceries,5402
2023-02-01,Store_C,Groceries,3548
2023-03-01,Store_C,Groceries,6264
2023-04-01,Store_C,Groceries,6961
2023-05-01,Store_C,Groceries,4693
2023-06-01,Store_C,Groceries,5246
2023-07-01,Store_C,Groceries,7757
2023-08-01,Store_C,Groceries,7634
2023-09-01,Store_C,Groceries,10583
2023-10-01,Store_C,Groceries,6599
2023-11-01,Store_C,Groceries,8092
2023-12-01,Store_C,Groceries,6176
